{
  "_fv": 24,
  "_type": "dimension",
  "definition": {
    "biomesInDimension": [
      {
        "value": "CUSTOM:GodRealmBiome"
      }
    ],
    "worldGenType": "End like gen",
    "mainFillerBlock": {
      "value": "CUSTOM:Godgrass"
    },
    "fluidBlock": {
      "value": "CUSTOM:Goddirt"
    },
    "airColor": {
      "value": -13261,
      "falpha": 0.0
    },
    "canRespawnHere": true,
    "hasFog": false,
    "isDark": false,
    "doesWaterVaporize": false,
    "sleepResult": "ALLOW",
    "hasSkyLight": false,
    "imitateOverworldBehaviour": false,
    "portalFrame": {
      "value": "CUSTOM:Portalframetothegods"
    },
    "portalParticles": {
      "value": "CUSTOM:Manalevelup"
    },
    "portalLuminance": 3,
    "portalSound": {
      "value": "block.portal.ambient"
    },
    "igniterName": "God Realm Portal Igniter",
    "igniterTab": {
      "value": "TOOLS"
    },
    "texture": "hades_flame",
    "portalTexture": "god_portal_texture",
    "enablePortal": true
  }
}