{
  "_fv": 24,
  "_type": "achievement",
  "definition": {
    "achievementName": "Higher Status",
    "achievementDescription": "Go to the Realm of the Gods",
    "achievementIcon": {
      "value": "CUSTOM:GodRealm"
    },
    "background": "god_portal.png",
    "disableDisplay": false,
    "showPopup": true,
    "announceToChat": true,
    "hideIfNotCompleted": false,
    "rewardLoot": [],
    "rewardRecipes": [],
    "rewardFunction": "No function",
    "rewardXP": 50,
    "achievementType": "goal",
    "parent": {
      "value": "No parent: root"
    },
    "triggerxml": "<xml xmlns=\"https://developers.google.com/blockly/xml\"><block type=\"dimension_entered\" x=\"104\" y=\"9\"><field name=\"dimension\">CUSTOM:GodRealm</field><next><block type=\"advancement_trigger\" deletable=\"false\"></block></next></block></xml>"
  }
}