{
  "_fv": 24,
  "_type": "armor",
  "definition": {
    "enableHelmet": true,
    "textureHelmet": "mana_crystal_helmet",
    "enableBody": true,
    "textureBody": "manacrystal_chestplate",
    "enableLeggings": true,
    "textureLeggings": "mana_crystal_leggings",
    "enableBoots": true,
    "textureBoots": "mana_crystal_boots",
    "creativeTab": {
      "value": "COMBAT"
    },
    "armorTextureFile": "crystal_3_",
    "helmetName": "Mana Crystal Armor Helmet",
    "bodyName": "Mana Crystal Armor Body",
    "leggingsName": "Mana Crystal Armor Leggings",
    "bootsName": "Mana Crystal Armor Boots",
    "helmetSpecialInfo": [],
    "bodySpecialInfo": [],
    "leggingsSpecialInfo": [],
    "bootsSpecialInfo": [],
    "helmetModelName": "Default",
    "helmetModelPart": "Helmet",
    "helmetModelTexture": "From armor",
    "bodyModelName": "Default",
    "bodyModelPart": "Body",
    "armsModelPartL": "Arms L",
    "armsModelPartR": "Arms R",
    "bodyModelTexture": "From armor",
    "leggingsModelName": "Default",
    "leggingsModelPartL": "Leggings L",
    "leggingsModelPartR": "Leggings R",
    "leggingsModelTexture": "From armor",
    "bootsModelName": "Default",
    "bootsModelPartL": "Boots L",
    "bootsModelPartR": "Boots R",
    "bootsModelTexture": "From armor",
    "helmetImmuneToFire": true,
    "bodyImmuneToFire": false,
    "leggingsImmuneToFire": false,
    "bootsImmuneToFire": false,
    "maxDamage": 33,
    "damageValueHelmet": 4,
    "damageValueBody": 8,
    "damageValueLeggings": 7,
    "damageValueBoots": 4,
    "enchantability": 11,
    "toughness": 2.1,
    "knockbackResistance": 0.2,
    "equipSound": {
      "value": "item.armor.equip_diamond"
    },
    "repairItems": [
      {
        "value": "CUSTOM:ManaCrystals"
      }
    ]
  }
}