{
  "_fv": 24,
  "_type": "food",
  "definition": {
    "renderType": 0,
    "texture": "mananana",
    "customModelName": "Normal",
    "name": "Manana",
    "rarity": "COMMON",
    "specialInfo": [
      "Eat this to get the Strength of the Legendary Mana Monkey"
    ],
    "creativeTab": {
      "value": "FOOD"
    },
    "stackSize": 64,
    "nutritionalValue": 4,
    "saturation": 0.3,
    "eatingSpeed": 32,
    "resultItem": {
      "value": ""
    },
    "forDogs": false,
    "isAlwaysEdible": false,
    "animation": "eat",
    "hasGlow": true,
    "onEaten": {
      "name": "MananaFoodEaten"
    }
  }
}