{
  "_fv": 24,
  "_type": "biome",
  "definition": {
    "name": "Manaforest",
    "groundBlock": {
      "value": "CUSTOM:Managrass"
    },
    "undergroundBlock": {
      "value": "CUSTOM:Manadirt"
    },
    "airColor": {
      "value": -16737793,
      "falpha": 0.0
    },
    "grassColor": {
      "value": -16764109,
      "falpha": 0.0
    },
    "foliageColor": {
      "value": -16724839,
      "falpha": 0.0
    },
    "waterColor": {
      "value": -16724737,
      "falpha": 0.0
    },
    "waterFogColor": {
      "value": -16751002,
      "falpha": 0.0
    },
    "ambientSound": {
      "value": ""
    },
    "additionsSound": {
      "value": ""
    },
    "music": {
      "value": "ambient.cave"
    },
    "moodSound": {
      "value": ""
    },
    "moodSoundDelay": 6000,
    "spawnParticles": false,
    "particleToSpawn": {
      "value": "CUSTOM:Manalevelup"
    },
    "particlesProbability": 0.5,
    "biomeCategory": "FOREST",
    "parent": {
      "value": "forest"
    },
    "rainingPossibility": 0.5,
    "temperature": 0.5,
    "baseHeight": 0.1,
    "heightVariation": 0.2,
    "biomeType": "WARM",
    "spawnBiome": true,
    "biomeWeight": 10,
    "biomeDictionaryTypes": [],
    "grassPerChunk": 4,
    "seagrassPerChunk": 0,
    "flowersPerChunk": 4,
    "mushroomsPerChunk": 0,
    "bigMushroomsChunk": 0,
    "sandPatchesPerChunk": 0,
    "gravelPatchesPerChunk": 0,
    "reedsPerChunk": 0,
    "cactiPerChunk": 0,
    "treesPerChunk": 6,
    "vanillaTreeType": "Default",
    "treeType": 1,
    "minHeight": 10,
    "treeStem": {
      "value": "CUSTOM:Manalog"
    },
    "treeBranch": {
      "value": "CUSTOM:Manaleave"
    },
    "treeVines": {
      "value": ""
    },
    "treeFruits": {
      "value": ""
    },
    "spawnStronghold": false,
    "spawnMineshaft": false,
    "spawnMineshaftMesa": false,
    "spawnPillagerOutpost": false,
    "villageType": "none",
    "spawnWoodlandMansion": false,
    "spawnJungleTemple": false,
    "spawnDesertPyramid": false,
    "spawnSwampHut": false,
    "spawnIgloo": false,
    "spawnOceanMonument": false,
    "spawnShipwreck": false,
    "spawnShipwreckBeached": false,
    "spawnBuriedTreasure": false,
    "oceanRuinType": "NONE",
    "spawnNetherBridge": false,
    "spawnNetherFossil": false,
    "spawnBastionRemnant": false,
    "spawnEndCity": false,
    "spawnRuinedPortal": "NONE",
    "defaultFeatures": [
      "Caves",
      "Ores"
    ],
    "spawnEntries": [
      {
        "entity": {
          "value": "CUSTOM:Darkmages"
        },
        "minGroup": 4,
        "maxGroup": 9,
        "weight": 20,
        "spawnType": "monster"
      },
      {
        "entity": {
          "value": "EntityCreeper"
        },
        "minGroup": 4,
        "maxGroup": 4,
        "weight": 20,
        "spawnType": "monster"
      }
    ]
  }
}