{
  "_fv": 24,
  "_type": "rangeditem",
  "definition": {
    "renderType": 0,
    "texture": "darkmage_wand",
    "customModelName": "Normal",
    "name": "The Wand of The Dark Mage",
    "specialInfo": [],
    "creativeTab": {
      "value": "COMBAT"
    },
    "stackSize": 1,
    "ammoItem": {
      "value": "CUSTOM:ManaCrystals"
    },
    "shootConstantly": false,
    "usageCount": 100,
    "actionSound": {
      "value": "entity.arrow.shoot"
    },
    "hasGlow": true,
    "animation": "none",
    "enableMeleeDamage": false,
    "damageVsEntity": 0.0,
    "bulletPower": 1.0,
    "bulletDamage": 20.0,
    "bulletKnockback": 4,
    "bulletParticles": true,
    "bulletIgnitesFire": false,
    "bulletItemTexture": {
      "value": "CUSTOM:ManaCrystals"
    },
    "bulletModel": "Default",
    "customBulletModelTexture": ""
  }
}