{
  "display": {
    "background": "mana_harnessment:textures/god_portal.png",
    "icon": {
      "item": "mana_harnessment:god_realm"
    },
    "title": {
      "translate": "advancements.higher_status.title"
    },
    "description": {
      "translate": "advancements.higher_status.descr"
    },
    "frame": "goal",
    "show_toast": true,
    "announce_to_chat": true,
    "hidden": false
  },
  "criteria": {
    "higher_status": {
      "trigger": "minecraft:changed_dimension",
      "conditions": {
        "to": "mana_harnessment:god_realm"
      }
    }
  },
  "rewards": {
    "experience": 50
  }
}